{
    "prepare_queue": {
        "installed": [],
        "uninstalled": []
    },
    "config_munge": {
        "files": {
            "*-Info.plist": {
                "parents": {
                    "NSCameraUsageDescription": [
                        {
                            "xml": "<string>need camera access to take pictures</string>",
                            "count": 1,
                            "mode": "merge",
                            "id": "config.xml"
                        }
                    ],
                    "NSPhotoLibraryUsageDescription": [
                        {
                            "xml": "<string>need to photo library access to get pictures from there</string>",
                            "count": 1,
                            "mode": "merge",
                            "id": "config.xml"
                        }
                    ],
                    "NSLocationWhenInUseUsageDescription": [
                        {
                            "xml": "<string>need location access to find things nearby</string>",
                            "count": 1,
                            "mode": "merge",
                            "id": "config.xml"
                        }
                    ],
                    "NSLocationAlwaysAndWhenInUseUsageDescription": [
                        {
                            "xml": "<string>need location access to find things nearby</string>",
                            "count": 1,
                            "mode": "merge",
                            "id": "config.xml"
                        }
                    ],
                    "NSLocationAlwaysUsageDescription": [
                        {
                            "xml": "<string>need location access to find things nearby</string>",
                            "count": 1,
                            "mode": "merge",
                            "id": "config.xml"
                        }
                    ],
                    "NSPhotoLibraryAddUsageDescription": [
                        {
                            "xml": "<string>need to photo library access to save pictures there</string>",
                            "count": 1,
                            "mode": "merge",
                            "id": "config.xml"
                        }
                    ],
                    "NSMicrophoneUsageDescription": [
                        {
                            "xml": "<string>need microphone access to record sounds</string>",
                            "count": 1,
                            "mode": "merge",
                            "id": "config.xml"
                        }
                    ]
                }
            }
        }
    },
    "installed_plugins": {
        "uk.co.workingedge.phonegap.plugin.launchnavigator": {
            "PACKAGE_NAME": "com.krestaurant.app"
        },
        "com.cmackay.plugins.googleanalytics": {
            "PACKAGE_NAME": "com.krestaurant.app"
        }
    },
    "dependent_plugins": {},
    "modules": [
        {
            "file": "plugins/uk.co.workingedge.phonegap.plugin.launchnavigator/www/common.js",
            "id": "uk.co.workingedge.phonegap.plugin.launchnavigator.Common",
            "pluginId": "uk.co.workingedge.phonegap.plugin.launchnavigator",
            "clobbers": [
                "launchnavigator"
            ]
        },
        {
            "file": "plugins/uk.co.workingedge.phonegap.plugin.launchnavigator/www/localforage.v1.5.0.min.js",
            "id": "uk.co.workingedge.phonegap.plugin.launchnavigator.LocalForage",
            "pluginId": "uk.co.workingedge.phonegap.plugin.launchnavigator",
            "clobbers": [
                "localforage"
            ]
        }
    ],
    "plugin_metadata": {
        "uk.co.workingedge.phonegap.plugin.launchnavigator": "4.2.1",
        "com.cmackay.plugins.googleanalytics": "1.0.4"
    }
}